word,occurrence
not,559
phone,480
case,311
great,267
work,222
very,184
good,184
product,183
will,180
one,159
like,142
would,138
screen,133
ti,133
fit,132
well,128
love,125
do,124
use,122
no,119
doe,114
charge,112
ame,104
battery,98
get,96
did,87
really,83
charger,82
quality,82
easy,81
look,78
price,75
iphone,71
little,70
perfect,69
nice,65
also,61
much,59
back,58
protector,57
review,56
buy,55
even,55
make,55
take,54
two,54
charging,54
month,54
still,53
device,53
color,51
using,51
hold,50
got,49
better,49
bought,48
way,48
cable,47
day,47
worked,47
first,46
new,45
item,44
come,43
can,43
power,43
need,42
bluetooth,42
keep,42
recommend,42
could,42
sound,42
long,41
ames,41
problem,41
best,40
cover,40
used,40
star,39
far,39
lot,39
card,39
around,38
find,38
button,37
cheap,36
fast,36
fine,36
radio,36
go,36
put,36
clear,36
cord,36
pretty,35
money,35
say,35
know,35
excellent,35
port,34
si,34
week,34
perfectly,34
purchase,34
happy,34
side,33
received,33
year,33
thing,33
looking,33
give,33
awesome,32
without,32
feel,32
window,32
bit,32
speaker,32
small,31
since,31
exactly,31
charged,30
hard,30
glass,30
end,30
last,30
working,29
note,29
car,29
camera,29
hour,29
usb,28
right,28
light,28
issue,28
pocket,28
plastic,28
drop,28
never,28
sure,28
see,27
many,27
life,27
picture,26
every,26
made,26
call,26
easily,26
expected,25
app,25
size,25
wish,25
quickly,25
old,25
broke,24
already,24
service,24
always,24
couple,24
tried,24
gps,23
seems,23
able,23
came,23
bad,23
headphone,22
update,22
box,22
reason,22
should,22
sturdy,22
amazing,21
purchased,21
front,21
though,21
something,21
different,21
scratch,21
want,21
job,21
overall,21
another,21
needed,20
sent,20
samsung,20
ordered,20
protects,20
going,20
second,20
music,20
design,20
within,20
replace,20
dropped,20
tile,20
le,20
apps,19
company,19
protect,19
piece,19
range,19
several,19
tracker,19
high,19
install,19
protection,19
volume,19
plus,19
part,18
cell,18
galaxy,18
feature,18
apple,18
however,18
enough,18
water,18
ear,17
definitely,17
thought,17
getting,17
advertised,17
thin,17
unit,17
think,17
longer,17
cost,17
tell,17
stick,17
seller,17
edge,17
ok,17
ever,17
protective,17
replacement,17
worth,16
open,16
hand,16
place,16
amazon,16
watch,16
buying,16
full,16
honest,16
material,16
bright,16
touch,16
people,16
android,16
try,16
help,16
durable,16
mount,15
shipping,15
described,15
low,15
rubber,15
set,15
computer,15
bubble,15
instruction,15
thank,15
big,15
business,15
customer,15
arm,15
everything,15
pay,15
tablet,15
email,14
video,14
return,14
exchange,14
four,14
read,14
stay,14
trip,14
armband,14
inch,14
inside,14
cellphone,14
otterbox,14
may,14
strong,14
clip,14
setting,14
waste,14
especially,14
super,14
person,14
wrong,14
brand,14
fall,13
half,13
probably,13
magnet,13
trying,13
extra,13
daughter,13
left,13
strap,13
turn,13
cracked,13
plug,13
wire,13
free,13
took,13
bulky,13
highly,13
top,13
included,13
fully,12
blue,12
disappointed,12
tune,12
band,12
voice,12
quite,12
completely,12
grip,12
went,12
beautiful,12
comfortable,12
ample,12
running,12
installed,12
thanks,12
liked,12
play,12
others,12
arrived,12
wallet,12
key,12
away,12
location,12
ipad,12
model,12
pro,12
solar,12
lte,12
bumper,12
hear,12
surface,12
connection,11
otherwise,11
selfie,11
area,11
protected,11
either,11
us,11
lumia,11
headset,11
map,11
cool,11
available,11
start,11
discount,11
sli,11
name,11
rating,11
else,11
micro,11
next,11
stand,11
credit,11
guy,11
amp,11
store,11
slot,10
user,10
close,10
quick,10
night,10
wear,10
said,10
clean,10
bottom,10
lightweight,10
cute,10
run,10
dont,10
storage,10
face,10
apart,10
based,10
soon,10
purse,10
deal,10
black,10
finish,10
audio,10
corner,10
complaint,10
daily,10
sd,10
privacy,10
add,10
taking,10
yet,10
expect,10
original,10
direction,10
heavy,10
complete,9
someti,9
plan,9
snug,9
lasted,9
son,9
snap,9
foot,9
kind,9
let,9
almost,9
photo,9
slip,9
thick,9
solid,9
past,9
carry,9
someone,9
secure,9
line,9
broken,9
actually,9
experience,9
activity,9
handy,9
tiny,9
yes,9
nothing,9
gold,9
minute,9
started,9
fair,9
move,9
network,9
multiple,9
warranty,9
navigation,9
fact,9
order,9
sleep,9
looked,9
built,9
apply,9
loud,9
non,8
five,8
rather,8
gophone,8
extremely,8
red,8
show,8
wrist,8
holster,8
wanted,8
defective,8
capacity,8
packaging,8
bigger,8
kept,8
mine,8
belt,8
clai,8
talk,8
mode,8
idea,8
regular,8
although,8
save,8
ago,8
surprised,8
metal,8
pleased,8
game,8
loved,8
replaced,8
option,8
camping,8
expensive,8
stylus,8
leave,8
magnetic,8
wipe,8
decent,8
driving,8
cause,8
support,8
display,8
earphone,8
tab,8
real,8
value,8
useful,8
certain,8
guess,8
smartphone,8
air,7
delivery,7
adjust,7
program,7
absolutely,7
home,7
com,7
glad,7
adapter,7
holding,7
hope,7
found,7
con,7
fun,7
functionality,7
sticky,7
damage,7
pull,7
receive,7
google,7
rate,7
easier,7
push,7
crack,7
id,7
due,7
youtube,7
turned,7
waterproof,7
amilar,7
etc,7
blu,7
reliable,7
lost,7
number,7
cut,7
making,7
large,7
error,7
office,7
fingerprint,7
least,7
suggest,7
amportant,7
break,7
playing,7
breaking,7
li,7
finally,7
difference,7
onto,7
usually,7
anyone,7
fell,7
opinion,7
vehicle,7
send,7
build,7
wife,7
texting,7
noticed,7
underwater,7
unbiased,7
please,7
mini,7
road,7
satisfied,7
microsoft,7
room,7
saved,7
nicely,7
plugged,7
behind,7
vysk,7
nexus,6
actual,6
version,6
traveling,6
mic,6
brightness,6
test,6
system,6
barely,6
netflix,6
contacted,6
gave,6
proof,6
ton,6
stylish,6
standard,6
mobile,6
gift,6
tested,6
accidentally,6
block,6
mean,6
green,6
microphone,6
matter,6
might,6
manufacturer,6
provider,6
securely,6
provided,6
oem,6
difficult,6
suck,6
fairly,6
sub,6
seem,6
rated,6
wall,6
constantly,6
click,6
huge,6
entire,6
word,6
soft,6
placed,6
kid,6
flat,6
junk,6
signal,6
twice,6
possible,6
stop,6
comment,6
coming,6
jack,6
recommended,6
ive,6
type,6
unfortunately,6
city,6
smart,6
portable,6
internet,6
intended,6
slightly,6
stopped,6
slide,6
driver,6
instead,6
worry,6
installation,6
house,6
lose,6
stock,6
shipped,6
eventually,6
rear,6
short,6
wireless,6
lg,6
level,6
leather,6
anything,6
forward,6
higher,6
period,6
armor,6
designed,6
ability,6
thinking,6
remove,6
dollar,5
expectation,5
film,5
stereo,5
expecting,5
file,5
everyone,5
delivered,5
drive,5
emergency,5
together,5
station,5
garmin,5
earbuds,5
starting,5
suppose,5
three,5
studio,5
supposed,5
function,5
functional,5
external,5
description,5
frequency,5
favorite,5
enjoying,5
style,5
tight,5
earpiece,5
generation,5
responsive,5
paid,5
capability,5
lcd,5
requires,5
shell,5
larger,5
known,5
change,5
annoying,5
cheaper,5
kickstand,5
percent,5
amply,5
silicone,5
clearly,5
sleek,5
wonderful,5
ultra,5
ament,5
listen,5
sell,5
smoothly,5
vent,5
normal,5
okay,5
roller,5
bass,5
neat,5
near,5
beat,5
movie,5
online,5
mom,5
minor,5
wait,5
opening,5
attach,5
scratched,5
maybe,5
tool,5
main,5
result,5
along,5
removed,5
allows,5
constructed,5
connect,5
gym,5
hit,5
provides,5
sony,5
tracking,5
provide,5
across,5
ready,5
powerbear,5
allow,5
speed,5
held,5
heart,5
head,5
space,5
reading,5
hassle,5
added,5
trouble,5
correctly,5
worst,5
ram,5
husband,5
giving,5
total,5
worried,5
software,5
holder,5
point,5
poor,5
compli,5
concern,5
position,5
access,5
convenient,5
older,4
putting,4
suggested,4
purchasing,4
protecting,4
opened,4
often,4
returned,4
otter,4
package,4
outer,4
outlet,4
pleasantly,4
ended,4
picked,4
pick,4
remote,4
extension,4
performs,4
performance,4
pen,4
peel,4
pattern,4
reasonable,4
process,4
panel,4
resistant,4
realized,4
pack,4
owned,4
outside,4
offered,4
seeing,4
offer,4
sticker,4
flip,4
initially,4
slowly,4
smaller,4
smartphones,4
smooth,4
fm,4
folk,4
follow,4
horrible,4
hoping,4
hopefully,4
hole,4
song,4
installing,4
freedom,4
hi,4
friend,4
hate,4
hang,4
specific,4
spend,4
spent,4
future,4
spot,4
square,4
glow,4
given,4
insert,4
internal,4
none,4
selling,4
noise,4
route,4
neither,4
moto,4
mophie,4
saying,4
family,4
school,4
metropcs,4
stuck,4
seat,4
seemed,4
seen,4
loose,4
shut,4
live,4
setup,4
lightning,4
license,4
length,4
finger,4
lack,4
knowing,4
shorter,4
kit,4
shown,4
keeping,4
straight,4
lifeti,4
locate,4
whenever,4
tape,4
allowed,4
bike,4
construction,4
connects,4
connector,4
wrap,4
connected,4
true,4
body,4
bonus,4
visible,4
compared,4
bother,4
compact,4
boy,4
via,4
breeze,4
doesnt,4
done,4
technology,4
tech,4
colored,4
buck,4
written,4
bump,4
contract,4
controller,4
workout,4
cricket,4
decided,4
anymore,4
dash,4
tiled,4
answer,4
tip,4
aside,4
assigned,4
ampressed,4
today,4
told,4
crap,4
becomes,4
auto,4
aux,4
wet,4
weight,4
wearing,4
bar,4
amed,4
basic,4
amately,4
transaction,4
transmitter,4
closed,4
anyway,4
activated,4
vacation,4
addition,4
zero,4
account,4
unless,4
called,4
drawback,4
classy,4
careful,4
dust,4
talking,4
channel,4
adhesive,4
notch,3
aware,3
bargain,3
layer,3
upon,3
sport,3
bag,3
late,3
novice,3
whatever,3
nylon,3
jawbone,3
awkward,3
guide,3
gsm,3
correct,3
convenience,3
sale,3
must,3
leaving,3
handle,3
safe,3
sadly,3
choice,3
rugged,3
nearly,3
spending,3
watching,3
track,3
upset,3
shattered,3
negative,3
touchscreen,3
squelch,3
serious,3
ocean,3
staying,3
dark,3
output,3
checking,3
chance,3
unusable,3
data,3
outstanding,3
steal,3
juice,3
dead,3
frequently,3
appears,3
knock,3
decision,3
sticking,3
thus,3
unlocking,3
static,3
kick,3
ask,3
child,3
cradle,3
unplug,3
attractive,3
shipment,3
shirt,3
girl,3
attached,3
cup,3
whole,3
gb,3
associated,3
cycle,3
unlocked,3
cheer,3
led,3
harder,3
happens,3
hype,3
smell,3
ii,3
igearpro,3
capable,3
magnifying,3
vibrant,3
turning,3
major,3
bring,3
community,3
clarity,3
carrying,3
sitting,3
solely,3
letter,3
compatible,3
lighter,3
velcro,3
happier,3
loss,3
busy,3
series,3
sleeve,3
clunky,3
lol,3
buggy,3
info,3
bud,3
lower,3
skype,3
slow,3
browser,3
calendar,3
including,3
skip,3
sending,3
mark,3
search,3
seam,3
tremendous,3
helpful,3
leg,3
contact,3
mind,3
heat,3
waiting,3
heard,3
walk,3
hooked,3
bend,3
usable,3
believe,3
satisfaction,3
single,3
chrome,3
becoming,3
birthday,3
blason,3
blew,3
vortex,3
hook,3
cash,3
condition,3
voila,3
truly,3
io,3
packaged,3
shake,3
iq,3
mention,3
sit,3
hiking,3
menu,3
message,3
trigger,3
memory,3
early,3
record,3
disconnect,3
factor,3
pop,3
popped,3
ahead,3
terrible,3
age,3
eye,3
possibly,3
pouch,3
fade,3
tend,3
affordable,3
ten,3
extend,3
powercore,3
suction,3
practical,3
tempered,3
poorly,3
dirty,3
amited,3
felt,3
wonderfully,3
desk,3
pictured,3
pink,3
wore,3
detector,3
placing,3
stronger,3
amary,3
worse,3
feeling,3
die,3
feedback,3
played,3
faster,3
fantastic,3
text,3
fallen,3
recharge,3
temperature,3
reception,3
rapidly,3
realize,3
properly,3
enjoy,3
active,3
yellowish,3
accommodate,3
york,3
rarely,3
switch,3
teeny,3
yr,3
quad,3
sync,3
durability,3
question,3
duty,3
dying,3
quit,3
entirely,3
drain,3
programming,3
adhesion,3
press,3
sun,3
pressed,3
prevent,3
except,3
previous,3
example,3
pri,3
everyday,3
double,3
reasonably,3
download,3
xm,3
adjusting,3
dozen,3
adjustable,3
profile,3
wonder,3
shoulder,3
flap,3
fli,3
fix,3
ampact,3
default,3
amum,3
repair,3
perhaps,3
residue,3
flaw,3
resistance,3
ammediately,3
fold,3
amsy,3
pair,3
antenna,3
fitting,3
per,3
defender,3
third,3
removing,3
loop,2
bulk,2
separate,2
budget,2
privately,2
bueno,2
private,2
buff,2
nuvi,2
separately,2
logo,2
adjustment,2
password,2
lockout,2
locked,2
lock,2
locator,2
adjusted,2
processor,2
locally,2
require,2
literally,2
buddibox,2
browsing,2
losing,2
print,2
asked,2
braided,2
mah,2
vertical,2
versus,2
aesthetic,2
versa,2
self,2
reattach,2
lunch,2
verizon,2
wifi,2
resurgence,2
lucky,2
broadcast,2
outdoors,2
previously,2
broadcasting,2
wiggle,2
peeling,2
write,2
sense,2
brown,2
peeled,2
sensor,2
approxi,2
priced,2
arrive,2
anker,2
professional,2
overnight,2
listening,2
pant,2
learned,2
respond,2
oxidized,2
leaf,2
category,2
winter,2
earlier,2
rapid,2
lay,2
acceptable,2
shield,2
ac,2
lasting,2
caution,2
largest,2
resting,2
laptop,2
center,2
zagg,2
shock,2
shoe,2
paired,2
quibble,2
raised,2
rainbow,2
paint,2
appear,2
packing,2
knocking,2
zone,2
responding,2
accessible,2
accessing,2
accessory,2
severe,2
premium,2
research,2
adhere,2
candy,2
useless,2
overpriced,2
adequate,2
carbon,2
lifeproof,2
care,2
adding,2
carrier,2
ad,2
paper,2
applying,2
activate,2
act,2
response,2
lens,2
lengthy,2
usage,2
accurately,2
accurate,2
sharp,2
yesterday,2
accompany,2
applied,2
accident,2
wristband,2
view,2
recent,2
alone,2
beach,2
amagine,2
beacon,2
audience,2
oil,2
wheel,2
player,2
am,2
workmanship,2
alternative,2
movement,2
moved,2
regret,2
plenty,2
motorcycle,2
amount,2
rental,2
mother,2
mostly,2
sand,2
whereas,2
bedroom,2
world,2
beginning,2
plummet,2
attention,2
mobiler,2
bent,2
regarding,2
mixed,2
ride,2
watched,2
amming,2
automatically,2
ripped,2
amitations,2
november,2
noting,2
removable,2
notice,2
obviously,2
remember,2
weekend,2
wont,2
background,2
backing,2
roll,2
backside,2
web,2
woman,2
backup,2
picking,2
rigid,2
ballistic,2
amely,2
pin,2
whats,2
amazingly,2
round,2
odd,2
basically,2
relatively,2
plantronics,2
missing,2
mirror,2
asking,2
powerful,2
attache,2
potential,2
athletik,2
optional,2
vivofit,2
max,2
matte,2
repeat,2
ordering,2
repeatedly,2
match,2
massive,2
amperage,2
returning,2
march,2
attempted,2
visor,2
rechargeable,2
manufacturing,2
amplicity,2
replaceable,2
boost,2
manual,2
secondary,2
recessed,2
asphalt,2
phablet,2
mali,2
recently,2
vice,2
measure,2
meet,2
postage,2
operation,2
saw,2
beyond,2
refund,2
reducing,2
bien,2
wouxun,2
mile,2
poop,2
biggest,2
aint,2
scared,2
waist,2
microsd,2
wherever,2
bill,2
whether,2
blankk,2
metra,2
white,2
pad,2
scratching,2
ai,2
mesh,2
screw,2
wow,2
opera,2
agree,2
operating,2
mentioned,2
anywhere,2
flashlight,2
hike,2
country,2
thrilled,2
expressed,2
extends,2
tpu,2
compare,2
htc,2
comparing,2
floor,2
compartment,2
hotel,2
hot,2
discounted,2
tunein,2
horizontally,2
complain,2
flexible,2
split,2
concerned,2
discolored,2
thicker,2
disclosure,2
guessing,2
discern,2
fletcher,2
storm,2
humble,2
flying,2
explains,2
comfort,2
couldnt,2
team,2
gpu,2
coin,2
cold,2
teen,2
incipio,2
following,2
followed,2
despite,2
defect,2
sprint,2
grid,2
stone,2
summer,2
commented,2
smudge,2
fog,2
tv,2
ideal,2
common,2
dock,2
throughout,2
hybrid,2
facebook,2
flawlessly,2
facing,2
desire,2
texture,2
hearing,2
trial,2
transmit,2
headlight,2
favor,2
hd,2
designate,2
specifically,2
feed,2
didnt,2
continue,2
source,2
strongly,2
fiber,2
handled,2
travel,2
strip,2
speak,2
streaming,2
stretch,2
desktop,2
happened,2
happen,2
contacting,2
digitizer,2
disappointment,2
flash,2
disappointing,2
depend,2
connectivity,2
tired,2
consider,2
failed,2
triggered,2
considering,2
spigen,2
core,2
radioj,2
dirt,2
heated,2
cooper,2
directly,2
hair,2
hence,2
trade,2
falling,2
fixed,2
strange,2
consumption,2
heavier,2
dinged,2
gotten,2
combo,2
tooth,2
effect,2
sweat,2
juggling,2
gf,2
incredibly,2
international,2
step,2
gap,2
stayed,2
six,2
chewing,2
shutter,2
created,2
frame,2
england,2
tightly,2
thrown,2
effective,2
dedicated,2
forth,2
joke,2
glitter,2
sweaty,2
crystal,2
iphones,2
generally,2
electronic,2
sign,2
sidewalk,2
electronics,2
tighter,2
elegant,2
tone,2
general,2
japan,2
friendly,2
current,2
china,2
james,2
debit,2
choose,2
swipe,2
switching,2
steady,2
sirius,2
ipod,2
stiff,2
insurance,2
glove,2
covered,2
check,2
gone,2
kinda,2
tough,2
input,2
slick,2
coated,2
ulti,2
downside,2
deep,2
table,2
inexpensive,2
code,2
easiest,2
slipped,2
slippery,2
indicator,2
tactile,2
statement,2
glue,2
clumsy,2
equipped,2
cracking,2
form,2
unlike,2
instructed,2
cleaning,2
deductible,2
surprise,2
forgetting,2
cloth,2
forever,2
joint,2
gain,2
touching,2
damaging,2
god,2
eater,2
remarkable,1
tilt,1
thetileapp,1
willing,1
remembered,1
theseare,1
wilson,1
strapped,1
stream,1
till,1
restocking,1
street,1
thesis,1
reset,1
restarts,1
wished,1
stitched,1
stood,1
report,1
wired,1
represents,1
reprogram,1
repurchasing,1
request,1
wiped,1
stitching,1
stocking,1
reselling,1
winzip,1
stolen,1
reserve,1
wise,1
resolution,1
straightforward,1
resolve,1
rest,1
rep,1
steering,1
thicher,1
tie,1
tidy,1
stellar,1
stored,1
withstand,1
ticket,1
respect,1
withinrange,1
thinner,1
thinness,1
throwing,1
wooden,1
showcase,1
stress,1
suv,1
survivor,1
tamper,1
xtra,1
survived,1
tangle,1
readout,1
xsarmor,1
surrounding,1
realistically,1
surprisingly,1
tangled,1
realizing,1
surfing,1
tank,1
surf,1
tapping,1
realtor,1
suprises,1
supreme,1
supposedly,1
tardis,1
xps,1
tarter,1
supported,1
wydan,1
wrote,1
taste,1
supply,1
supplied,1
sustain,1
reached,1
supervision,1
swap,1
radius,1
tad,1
zippered,1
zipper,1
synch,1
ran,1
symbol,1
randomizes,1
swiveling,1
tag,1
youngest,1
youbut,1
switched,1
rard,1
rash,1
ratcheting,1
yo,1
swiping,1
taken,1
talkie,1
swi,1
sweet,1
rattle,1
rattling,1
reach,1
talkti,1
swears,1
swapping,1
yellow,1
tc,1
superior,1
stressed,1
terribly,1
recorded,1
sturdiness,1
recording,1
sturdier,1
stuffer,1
redwood,1
reference,1
stuff,1
refunded,1
worn,1
regardless,1
testing,1
region,1
study,1
register,1
workstation,1
stubbing,1
textured,1
th,1
struggle,1
reinstall,1
relative,1
thanksgiving,1
released,1
strike,1
reliability,1
thats,1
theplantronics,1
therefore,1
reconnects,1
reconnect,1
superb,1
styling,1
teenage,1
sunny,1
reboot,1
rec,1
reccomend,1
sunlight,1
wristlet,1
suitable,1
receiver,1
suicide,1
receiving,1
teeth,1
temp,1
temper,1
suggests,1
tempting,1
recharges,1
sufficient,1
recharging,1
wrapped,1
recieved,1
succeeded,1
recipient,1
recognize,1
substitute,1
recognized,1
substantially,1
term,1
recommendation,1
staticy,1
rip,1
resulted,1
various,1
snappy,1
snag,1
seethru,1
seido,1
select,1
selected,1
tylt,1
smo,1
verification,1
smashed,1
vendor,1
sellervery,1
typical,1
smarter,1
uag,1
turnpike,1
sluggish,1
sensitive,1
slows,1
udder,1
variety,1
ui,1
slogan,1
slipping,1
uk,1
slider,1
variation,1
separated,1
separating,1
sleeping,1
vertically,1
snazzy,1
van,1
solution,1
troubleshooting,1
screwdriver,1
trough,1
screwed,1
scuffed,1
trucker,1
volt,1
trunk,1
vivosmart,1
somehow,1
seal,1
tube,1
vivid,1
solved,1
solo,1
snd,1
tuck,1
seamlessly,1
tucked,1
visit,1
sec,1
virgin,1
violet,1
securing,1
security,1
tuning,1
social,1
seeking,1
soap,1
snugly,1
umph,1
un,1
retractable,1
shutting,1
usa,1
upright,1
silencer,1
shaved,1
significantly,1
sheathing,1
shed,1
universal,1
upper,1
sight,1
shift,1
shiny,1
sick,1
upgraded,1
upgrade,1
unfortunate,1
updating,1
updated,1
unli,1
updaste,1
shrek,1
unlock,1
shoot,1
unpackaged,1
shopped,1
shopping,1
showing,1
unpleasantly,1
unsupported,1
unsightly,1
unintuitive,1
unfamiliar,1
unable,1
skin,1
unalleviated,1
unbelievably,1
seriously,1
vakoos,1
vague,1
vacuous,1
uncomfortable,1
slam,1
utube,1
utilize,1
seven,1
seventy,1
sky,1
utility,1
utilised,1
shallow,1
skidding,1
skeptical,1
sizing,1
sized,1
uncomfortably,1
underground,1
shade,1
useable,1
situational,1
situation,1
sits,1
site,1
underneath,1
understanding,1
triple,1
sonos,1
volunteered,1
spouse,1
tougher,1
squeeze,1
squeegee,1
ripping,1
towel,1
ripstop,1
spur,1
welding,1
rise,1
spring,1
weigh,1
rms,1
spread,1
spray,1
spotty,1
ring,1
tower,1
website,1
rockford,1
toyota,1
tp,1
roof,1
sportsac,1
rope,1
weak,1
splotch,1
waze,1
rotate,1
rough,1
wave,1
unreliable,1
squishy,1
tricky,1
revisit,1
state,1
titan,1
retrospect,1
tldr,1
starter,1
tomato,1
reverse,1
stapler,1
wide,1
standby,1
reviewed,1
reviewer,1
reviewing,1
tonight,1
reward,1
stability,1
toss,1
stamp,1
rica,1
tossed,1
stall,1
stair,1
staining,1
totally,1
stable,1
rice,1
richard,1
ridgeline,1
whatsoever,1
riding,1
splice,1
spinning,1
watt,1
waited,1
wardrobe,1
satisfactory,1
wanting,1
spare,1
saturday,1
sauce,1
walking,1
southern,1
south,1
walkie,1
treadmill,1
treat,1
saver,1
wake,1
soundqubed,1
watertight,1
sounded,1
soso,1
schoche,1
trick,1
sort,1
sorry,1
wai,1
sophisticated,1
scosche,1
sooo,1
sooner,1
scraper,1
vpn,1
trickle,1
spark,1
trashed,1
speakerphone,1
ware,1
row,1
spill,1
rubbed,1
waterfall,1
rubbing,1
rude,1
train,1
wasted,1
ruggedly,1
ruined,1
speedometer,1
washed,1
specify,1
safety,1
warrantybut,1
warrantee,1
sake,1
trap,1
warped,1
salt,1
salvage,1
warning,1
sample,1
warned,1
special,1
speaking,1
san,1
warm,1
trash,1
sheild,1
aaa,1
rack,1
decorating,1
decently,1
december,1
dec,1
debris,1
db,1
daylight,1
daydream,1
darkness,1
darker,1
darkens,1
dangling,1
damper,1
damn,1
dad,1
da,1
cycling,1
cutting,1
cutout,1
cushioned,1
curved,1
curvature,1
curtain,1
currently,1
csr,1
crumpled,1
critical,1
crisp,1
deck,1
decoration,1
colour,1
decorative,1
digit,1
difficulty,1
differently,1
diasapointed,1
di,1
developed,1
detect,1
detailed,1
detail,1
desired,1
deselect,1
describe,1
depleted,1
depending,1
dent,1
density,1
densely,1
denied,1
deluxe,1
dell,1
deliver,1
deleted,1
degree,1
definition,1
definetly,1
defined,1
definately,1
create,1
crazy,1
crafted,1
cpu,1
considerably,1
considerable,1
conserve,1
connecting,1
conjunction,1
confuses,1
confident,1
confidence,1
confess,1
conductive,1
condone,1
condensation,1
concrete,1
concert,1
complement,1
complains,1
complained,1
compensated,1
companion,1
como,1
commuter,1
communicating,1
communicate,1
commit,1
commission,1
commerce,1
comfortably,1
consideration,1
consisted,1
construct,1
cooky,1
covering,1
coverage,1
cousin,1
course,1
cougar,1
costumer,1
costa,1
corrosion,1
correcting,1
coral,1
copy,1
cop,1
cook,1
consult,1
conversion,1
conversation,1
convenvet,1
conventional,1
control,1
contraption,1
continues,1
continually,1
content,1
contains,1
containing,1
contactnumber,1
dilema,1
dinging,1
direct,1
enforced,1
exercising,1
exercise,1
exef,1
excited,1
exceptionally,1
excelent,1
examining,1
exact,1
event,1
evening,1
evaluation,1
european,1
eureka,1
establishing,1
established,1
est,1
essential,1
era,1
equivalent,1
equally,1
equalizer,1
environmentally,1
environment,1
enter,1
ensure,1
enjoys,1
enjoyed,1
exist,1
expandable,1
expert,1
fading,1
figure,1
fifty,1
fiance,1
fellow,1
fee,1
faulty,1
fastened,1
fancy,1
fan,1
failure,1
fails,1
failing,1
factory,1
expires,1
fabulously,1
fabulous,1
fabrication,1
fabric,1
eyesore,1
extreme,1
extract,1
extent,1
extender,1
expose,1
exploit,1
explained,1
engaged,1
endured,1
dirtiness,1
endure,1
drained,1
dragging,1
draft,1
dr,1
downstairs,1
downloading,1
downloaded,1
doubt,1
dot,1
dosent,1
door,1
document,1
doctor,1
distracting,1
distort,1
distinguishable,1
distinguish,1
distance,1
dissappointed,1
dissapointed,1
dismayed,1
dismal,1
disk,1
discoloration,1
discharge,1
discarded,1
disapointed,1
draining,1
draud,1
draw,1
effort,1
ending,1
encrypted,1
enclosure,1
encasement,1
enabling,1
enabled,1
eli,1
electricity,1
electrical,1
elaborate,1
ehm,1
effortlessly,1
echo,1
dream,1
eats,1
eat,1
easypro,1
ease,1
dysfunctional,1
duster,1
dump,1
dud,1
dry,1
dropping,1
droped,1
droid,1
combined,1
colorful,1
final,1
average,1
availability,1
avail,1
auxiliary,1
authorized,1
audible,1
attribute,1
attest,1
attempt,1
attaining,1
attachment,1
assumes,1
assume,1
assemble,1
asap,1
arsenal,1
armorsuit,1
arises,1
approved,1
appreciate,1
application,1
antiquated,1
anti,1
answering,1
answered,1
announcement,1
anhide,1
angle,1
availabledespite,1
avg,1
coiled,1
awaiting,1
becauseit,1
becase,1
became,1
beauty,1
beautifully,1
beaten,1
beast,1
bc,1
bbb,1
bazooka,1
batch,1
bassy,1
basketball,1
basis,1
base,1
barrier,1
bank,1
bang,1
balance,1
baffled,1
backwards,1
backspaced,1
backspace,1
backpack,1
awsome,1
awareness,1
awarded,1
ang,1
amultaneously,1
amprovement,1
ampossible,1
affect,1
advice,1
advertising,1
advertise,1
adult,1
adorable,1
admit,1
adjusts,1
additional,1
addicted,1
adaptive,1
acquired,1
ace,1
accuracy,1
according,1
accidental,1
accepts,1
accepted,1
accenting,1
accent,1
accelerometer,1
abusing,1
abuse,1
absurd,1
absorption,1
absorbency,1
absolute,1
afford,1
aftermarket,1
afternoon,1
amage,1
amportantly,1
ampersonation,1
ammediate,1
amitation,1
amit,1
aming,1
aminated,1
amer,1
amei,1
amazed,1
amate,1
amark,1
aluminum,1
afterwards,1
alternate,1
alongside,1
alloy,1
allergic,1
alization,1
alive,1
alignment,1
aligned,1
align,1
alert,1
alcohol,1
agreed,1
become,1
bed,1
bedridden,1
caller,1
chat,1
charm,1
chargng,1
chargei,1
changing,1
certified,1
certainly,1
cent,1
cellular,1
cautious,1
causing,1
caused,1
caught,1
catchy,1
catch,1
cat,1
casual,1
cassette,1
casing,1
caseguru,1
carpet,1
carefully,1
carabiner,1
carabeaner,1
cap,1
canvas,1
cant,1
cheaply,1
checked,1
cheep,1
clasp,1
coerced,1
coaxed,1
coating,1
coached,1
cloudy,1
closer,1
closely,1
clock,1
clever,1
cleaner,1
cleaned,1
class,1
clamp,1
cheesy,1
clam,1
civilization,1
cigarette,1
chromebook,1
christmas,1
chore,1
choosing,1
chipped,1
chip,1
chew,1
cherry,1
cheetah,1
cancelling,1
california,1
beeped,1
cadence,1
bold,1
bodymedia,1
board,1
bmw,1
blus,1
blossom,1
blocked,1
bloat,1
blinking,1
blind,1
bli,1
bleeding,1
blank,1
blame,1
biking,1
bigness,1
biased,1
bf,1
betteries,1
bery,1
benefit,1
benchmark,1
belkin,1
belive,1
begin,1
began,1
beforehand,1
book,1
border,1
bos,1
bringing,1
buzz,1
buyer,1
bust,1
bunch,1
bumpy,1
bum,1
bulkier,1
building,1
bt,1
brought,1
brother,1
broadcasted,1
brilliantly,1
botton,1
brilliant,1
brightest,1
bridged,1
brick,1
breed,1
breath,1
breast,1
breakage,1
bravo,1
bracelet,1
boyfriend,1
bow,1
figured,1
finder,1
quip,1
normally,1
nmo,1
nine,1
nightly,1
nickel,1
nick,1
nicer,1
newer,1
nevertheless,1
ness,1
nephew,1
neighborhood,1
needle,1
neck,1
necessary,1
neater,1
navy,1
navigate,1
nature,1
native,1
nasty,1
nal,1
nail,1
muy,1
mute,1
mushroom,1
muscular,1
muffled,1
noice,1
notebook,1
lousy,1
noticeable,1
overheat,1
outbound,1
outage,1
out,1
othercomments,1
othe,1
ota,1
orientation,1
organizes,1
organization,1
opt,1
opposed,1
opportunity,1
operates,1
operated,1
oops,1
ohm,1
oh,1
offs,1
official,1
offering,1
occasionally,1
occasional,1
obtrusive,1
object,1
nub,1
novelty,1
muddy,1
mpow,1
mph,1
mounted,1
marathon,1
manufacture,1
manually,1
manner,1
manly,1
maneuver,1
manager,1
managed,1
man,1
mall,1
malfunction,1
maintains,1
maintained,1
mail,1
magnetized,1
magigees,1
magic,1
mag,1
mad,1
lycra,1
lugging,1
luggage,1
luck,1
loyal,1
lowest,1
lovin,1
lovely,1
marked,1
market,1
marketing,1
middle,1
morning,1
mood,1
monster,1
monitor,1
modern,1
moderate,1
mm,1
mixzing,1
miss,1
miraculously,1
mint,1
mids,1
mics,1
maxi,1
microfiber,1
miami,1
method,1
meter,1
metallic,1
messy,1
mess,1
mercury,1
melting,1
medium,1
medical,1
meaning,1
overkill,1
overloaded,1
overly,1
porch,1
proceeding,1
prior,1
pride,1
pricey,1
prevail,1
prettier,1
pressure,1
pressing,1
presentation,1
present,1
preordered,1
prematurely,1
prefer,1
prefect,1
precise,1
pre,1
praying,1
powerpack,1
powering,1
powercores,1
pouring,1
posting,1
posted,1
post,1
positioning,1
portrayed,1
portion,1
proclai,1
proctects,1
promised,1
pulling,1
quiet,1
quest,1
quarter,1
qi,1
pvc,1
purposely,1
purpley,1
purple,1
purely,1
pure,1
purchaser,1
puny,1
pulled,1
promising,1
pu,1
pry,1
providing,1
providedc,1
protectioncons,1
proofing,1
prong,1
prone,1
promtely,1
promptly,1
prompt,1
promotional,1
portal,1
popular,1
overpowered,1
popping,1
performer,1
performed,1
perertal,1
percentage,1
penny,1
peep,1
paying,1
pause,1
patient,1
pate,1
pastel,1
pass,1
pas,1
party,1
particular,1
parked,1
park,1
palm,1
pairing,1
painted,1
pain,1
packed,1
packadge,1
owning,1
ownership,1
owes,1
overti,1
performing,1
permeant,1
permission,1
pleasant,1
pone,1
polyurethane,1
polymer,1
polishing,1
police,1
polaroid,1
podcasts,1
podcast,1
po,1
plugging,1
pleson,1
pleasure,1
platform,1
permit,1
plate,1
planned,1
plain,1
placement,1
piezoelectric,1
pic,1
piano,1
physically,1
physical,1
photograph,1
pet,1
personally,1
loveliness,1
loudly,1
finding,1
harness,1
hardly,1
happiness,1
hangout,1
handlebar,1
handed,1
handbag,1
hamper,1
hammer,1
halo,1
hade,1
hablet,1
gussy,1
gum,1
growing,1
grounding,1
ground,1
grippy,1
gripe,1
grill,1
griffin,1
greasy,1
gray,1
graphic,1
granted,1
grandmother,1
gram,1
gradually,1
hardware,1
haste,1
louder,1
hater,1
hspa,1
horizontal,1
hopeful,1
hood,1
honestly,1
honda,1
hobby,1
hitch,1
history,1
hinge,1
highlight,1
highest,1
hidden,1
hich,1
hey,1
hesitant,1
here,1
helped,1
hell,1
heightened,1
heavey,1
heave,1
heating,1
hearted,1
hb,1
hazard,1
hawaii,1
grab,1
gorgeous,1
gopro,1
goodness,1
fragile,1
fragel,1
fraction,1
fortune,1
format,1
forgotten,1
forget,1
foremost,1
foreground,1
forced,1
force,1
folder,1
focus,1
flush,1
flop,1
flight,1
flexibility,1
flew,1
fleck,1
flatter,1
flack,1
fixable,1
fishing,1
fish,1
firmly,1
firm,1
finished,1
francisco,1
frayed,1
freaking,1
gather,1
gmail,1
gluing,1
glide,1
glary,1
glare,1
gladly,1
girly,1
ghz,1
genuine,1
gen,1
ge,1
gauge,1
garmins,1
freezing,1
garbage,1
gaming,1
galexy,1
gadget,1
fuzzy,1
funky,1
ftc,1
ft,1
frustrating,1
frustrates,1
frustrated,1
friggin,1
huawei,1
hug,1
human,1
jackbox,1
lag,1
labelled,1
labeling,1
labeled,1
label,1
knowledge,1
knowledgable,1
knife,1
knickknack,1
knew,1
knelt,1
kneeling,1
knee,1
kindle,1
kicker,1
kayaking,1
kayak,1
jy,1
june,1
jumped,1
juggle,1
joto,1
jostled,1
jogger,1
jog,1
jersey,1
jazzy,1
landed,1
lanyard,1
latch,1
list,1
looseness,1
lollipop,1
log,1
locksmith,1
located,1
loca,1
loading,1
liveable,1
lit,1
listing,1
listened,1
listed,1
lip,1
later,1
lint,1
lie,1
lesson,1
lengthwise,1
legiti,1
learn,1
leak,1
leading,1
lead,1
lb,1
law,1
latest,1
january,1
itrm,1
hundred,1
itrip,1
indicates,1
incredible,1
increased,1
increase,1
incorrect,1
incorporate,1
inconvenient,1
inconvenience,1
incompatible,1
inclusion,1
include,1
incapable,1
inadvertently,1
ill,1
ike,1
iheartradio,1
ignore,1
ifixit,1
iffy,1
idk,1
identical,1
idaho,1
icong,1
ice,1
icarez,1
hurting,1
hurt,1
inefficiency,1
ineligible,1
inevitable,1
interesting,1
isolate,1
isnt,1
invisible,1
invest,1
intuitive,1
interval,1
interstate,1
interior,1
interferes,1
interference,1
interfere,1
interface,1
intent,1
infinity,1
intend,1
integrated,1
insufficient,1
instrument,1
instant,1
installment,1
insanely,1
innovative,1
inner,1
inndise,1
initiate,1
initialization,1
zoom,1
